"favorite_count","retweet_count","hashtags_cant","media_url_cant","mentions_cant","reply_to_status","followers_count","friends_count","statuses_count","favourites_count","account_lang","source","popular"
0,0,0,0,0,0,1204,1048,107106,210,"es","GacetaUcayalina","no"
47,44,2,1,0,0,2782671,377,237280,876,"en","SocialFlow","si"
47,44,2,1,0,0,2782671,377,237280,876,"en","SocialFlow","si"
24,27,2,1,0,0,2782671,377,237280,876,"en","SocialFlow","si"
24,27,2,1,0,0,2782671,377,237280,876,"en","SocialFlow","si"
1,0,0,0,0,0,1594,1085,16506,5219,"es","Twitter for Android","no"
0,0,0,0,0,0,853,2093,21460,6398,"es","Twitter for Android","no"
0,0,0,0,0,0,1697,1477,118852,8486,"es","Twitter Web Client","no"
0,0,1,0,0,0,191727,38067,932131,3729,"es","Twitter Web Client","si"
0,0,1,0,0,0,191727,38067,932131,3729,"es","Twitter Web Client","si"
0,0,0,0,0,0,191727,38067,932131,3729,"es","Twitter Web Client","si"
0,0,0,0,0,0,191727,38067,932131,3729,"es","Twitter Web Client","si"
0,0,0,0,0,0,508,354,60115,7623,"es","Twitter for Android","no"
2,0,0,0,0,0,2736,734,36700,87712,"es","Twitter Web Client","no"
0,0,0,0,0,0,380,329,24764,18543,"es","Twitter for Windows Phone","no"
0,0,0,0,0,0,502,498,19557,1842,"es","Twitter for iPhone","no"
0,0,0,0,0,0,1357,847,48909,11671,"es","Twitter for Android","no"
1,0,0,0,0,0,7151,4846,123766,32898,"es","Twitter for Android","no"
0,0,0,0,0,0,780,448,21362,5267,"es","Twitter for Android","no"
0,0,0,0,0,0,73,155,710,1860,"es","Twitter for Android","no"
0,0,0,0,0,0,186,236,7966,2950,"es","Twitter for Android","no"
0,0,0,0,0,0,2517,2309,118802,1542,"es","Twitter Web Client","no"
1,0,0,0,0,0,2142,1193,18241,6238,"es","TweetDeck","no"
1,0,0,0,0,0,1343,1102,51835,18938,"es","Twitter for Android","no"
0,0,1,0,0,0,273134,43218,965881,43159,"es","Twitter Web Client","si"
0,0,0,0,0,0,832,768,21027,4387,"es","Twitter for Android","no"
0,0,1,0,1,0,37,401,110,52,"es","Google","no"
0,0,0,0,0,0,254,69,3556,1684,"es","Twitter for Android","no"
0,0,0,0,0,0,2575,902,76059,4748,"es","Twitter for Android","no"
0,0,0,0,0,0,644,634,19051,2064,"es","Twitter for Android","no"
0,0,1,0,0,0,814,298,41076,295,"es","Twitter for iPhone","no"
0,0,0,0,0,0,8,55,110,92,"es","Twitter for Android","no"
0,0,0,0,0,0,246,298,19402,2516,"es","Twitter for Android","no"
1,0,0,0,0,0,384,740,4901,3114,"es","Twitter for Android","no"
1,0,0,0,1,1,2374,441,97907,8792,"es","Twitter Web Client","no"
0,0,2,0,0,0,618,780,2565,1930,"es","Twitter for Android","no"
0,0,0,0,0,0,533967,39995,953013,3853,"es","Twitter Web Client","si"
1,0,0,0,1,1,122,11,488,7,"es","Twitter Web Client","no"
0,0,0,0,0,0,2574,412,32777,15499,"es","Twitter for Android","no"
1,0,0,0,1,0,4107,517,72198,11615,"es","Twitter for Android","no"
0,0,0,0,0,0,583,459,14101,1324,"es","Twitter for Android","no"
1,0,0,0,2,1,958,818,44880,43085,"es","Twitter Web Client","no"
0,0,0,0,0,0,111474,41559,991069,2886,"es","Twitter Web Client","si"
0,0,0,0,0,0,567,412,16243,6368,"es","Twitter for Android","no"
1,2,8,0,0,0,118880,1302,94785,3745,"es","Twitter Web Client","no"
0,0,0,0,0,0,793,560,6872,4557,"es","Twitter for Android","no"
29,14,0,1,0,0,14322,5255,91060,34537,"es","Twitter for iPhone","no"
1,0,0,0,0,0,338,506,38468,2111,"es","Twitter for Android","no"
0,0,0,0,0,0,521,325,22859,8149,"es","Twitter for Android","no"
0,0,0,0,0,0,970,898,20701,13962,"es","Twitter for Android","no"
0,0,0,0,0,0,43,50,4660,0,"es","WordPress.com","no"
0,0,0,0,0,0,1042,673,53026,21731,"es","Twitter Lite","no"
3,0,0,1,0,0,565,189,16302,24043,"es","Twitter for iPhone","no"
0,0,0,0,0,0,257,435,4683,381,"es","Twitter for Android","no"
0,0,0,0,0,0,1264,1131,14939,1024,"es","Twitter for iPhone","no"
0,0,0,0,1,0,7086,141,127576,25,"es","Gremlin Social","no"
0,0,0,0,0,0,654,465,25974,4434,"es","Twitter for iPhone","no"
1,0,0,0,1,1,79,236,854,2861,"es","Twitter for Android","no"
0,0,0,0,0,0,177,363,6184,1916,"es","Twitter for Android","no"
0,0,0,0,1,1,83,109,717,164,"es","Twitter Web Client","no"
0,0,0,0,0,0,792,538,12577,4745,"es","Twitter for Android","no"
0,0,0,0,0,0,338,1044,18890,45905,"es","Twitter for Android","no"
0,0,0,0,0,0,1219,1274,17195,21916,"es","Twitter for Android","no"
0,0,0,0,0,0,1219,1274,17195,21916,"es","Twitter for Android","no"
1,0,0,0,0,0,1219,1274,17195,21916,"es","Twitter for Android","no"
1,0,0,0,0,0,1219,1274,17195,21916,"es","Twitter for Android","no"
0,0,0,0,0,0,137,222,15296,14127,"en","Twitter Web Client","no"
0,0,0,0,0,0,942,592,35894,6762,"es","Twitter for Android","no"
0,0,0,0,0,0,479,406,16081,1393,"es","Twitter for Android","no"
28,20,1,1,0,0,348937,60,24014,20,"es","Hootsuite","no"
0,0,0,0,0,0,680,233,10167,368,"es","Twitter for Android","no"
1,0,0,0,0,0,833,1613,5510,7930,"es","Twitter for iPhone","no"
0,1,0,0,0,0,9941,2982,27633,207,"es","Twitter Web Client","no"
0,0,0,0,0,0,187,208,11397,103,"en","Twitter Web Client","no"
0,0,0,0,0,0,974,520,10609,1152,"es","Twitter for Android","no"
0,0,0,0,0,0,1458,1090,11740,7309,"es","Twitter for Android","no"
0,0,0,0,0,0,370,162,11489,7012,"es","Twitter for Android","no"
0,0,0,0,0,0,818,95,22253,17170,"es","Twitter for iPhone","no"
1,0,0,0,0,0,7508,5711,239695,18369,"es","Twitter Web Client","no"
0,0,1,0,0,0,117179,37438,924776,3111,"es","Twitter Web Client","si"
0,0,1,0,0,0,117179,37438,924776,3111,"es","Twitter Web Client","si"
0,0,0,0,0,0,117179,37438,924776,3111,"es","Twitter Web Client","si"
0,0,0,0,0,0,117179,37438,924776,3111,"es","Twitter Web Client","si"
1,0,0,0,0,0,850,365,49667,37623,"es","Twitter for Android","no"
2,0,0,0,0,0,440,304,16700,2918,"es","Twitter for Android","no"
1,0,0,0,0,0,1893,2478,5885,117,"es","Facebook","no"
1,0,0,0,0,0,936,286,58143,38071,"es","Twitter for Android","no"
0,0,0,0,0,0,261,184,10910,318,"es","Twitter for Android","no"
0,0,0,0,0,0,1240,965,62088,8102,"es","Twitter for Android","no"
1,0,0,0,0,0,997,686,16675,2524,"es","Twitter Lite","no"
0,0,0,0,0,0,380,372,6704,939,"es","Twitter for Android","no"
3,0,0,0,0,0,385,240,5517,3655,"es","Twitter for Android","no"
0,0,0,0,0,0,746,129,23569,7,"es","Facebook","no"
0,0,0,0,0,0,573,95,38366,7151,"es","Twitter for iPhone","no"
1,1,0,0,0,0,518,485,46634,8098,"es","Twitter for Android","no"
5,0,0,0,0,0,1755,914,16846,9706,"es","Twitter Web Client","no"
0,0,0,0,0,0,1533,821,30590,6322,"es","Twitter for iPhone","no"
0,0,0,0,0,0,826,1468,14604,3605,"es","Twitter for Android","no"
0,0,0,0,0,0,2285,1633,46028,10332,"es","Twitter for iPhone","no"
0,0,0,0,0,0,879,928,10763,7381,"es","Twitter for Android","no"
0,0,0,0,0,0,534,129,36694,4466,"es","Twitter for Android","no"
0,0,0,0,0,0,1111,348,30132,6574,"es","Twitter for iPhone","no"
0,0,0,0,0,0,63,89,454,228,"es","Twitter Lite","no"
0,0,0,0,0,0,582,517,25004,17672,"es","Twitter for Android","no"
0,0,0,0,0,0,408,300,39373,11494,"es","Twitter for iPhone","no"
0,0,0,1,0,0,774,609,50277,12307,"es","Twitter Web Client","no"
1,0,0,0,3,1,958,672,10316,5540,"es","Twitter Web Client","no"
0,0,0,0,0,0,635,609,21197,16587,"es","Twitter for Android","no"
0,0,0,0,0,0,73,71,3550,1116,"es","Twitter for Android","no"
3,0,0,0,0,0,1635,707,12478,12343,"es","Twitter for Android","no"
0,0,0,0,0,0,57143,39472,953268,3788,"es","Twitter Web Client","no"
0,0,0,0,0,0,57143,39472,953268,3788,"es","Twitter Web Client","no"
1,0,1,0,0,0,57143,39472,953268,3788,"es","Twitter Web Client","no"
1,0,1,0,0,0,57143,39472,953268,3788,"es","Twitter Web Client","no"
0,0,0,0,0,0,427,459,30930,26041,"es","Twitter for Android","no"
0,0,0,0,0,0,242,281,2092,1076,"es","Twitter for Android","no"
1,0,0,0,0,0,188,153,3956,2210,"es","Twitter for Android","no"
0,0,1,0,0,0,116939,29090,904780,2775,"es","Twitter Web Client","si"
0,0,1,0,0,0,116939,29090,904780,2775,"es","Twitter Web Client","si"
0,0,0,0,0,0,116939,29090,904780,2775,"es","Twitter Web Client","si"
0,0,0,0,0,0,116939,29090,904780,2775,"es","Twitter Web Client","si"
0,0,0,0,1,1,739,631,14282,7351,"es","Twitter Lite","no"
0,0,0,0,0,0,1348,1662,5474,9636,"es","Twitter for Android","no"
2,0,0,0,0,0,1257,883,69920,24489,"en","Twitter for iPhone","no"
0,0,0,0,0,0,254,78,14161,2037,"es","Twitter for iPhone","no"
0,0,0,0,0,0,5229,3151,112754,6833,"es","Twitter for Android","no"
70,5,0,0,0,0,19830,1555,25105,40477,"es","Twitter for Android","no"
3,4,0,0,0,0,1109530,396,2730505,14809,"es","TweetDeck","si"
3,4,0,0,0,0,1109530,396,2730505,14809,"es","TweetDeck","si"
0,2,0,0,0,0,1109530,396,2730505,14809,"es","TweetDeck","si"
0,2,0,0,0,0,1109530,396,2730505,14809,"es","TweetDeck","si"
0,0,0,0,0,0,989,871,24262,19339,"es","Twitter for Android","no"
0,0,0,0,0,0,445,447,8314,4823,"es","Twitter for Android","no"
0,0,0,0,0,0,2245,1358,26382,7158,"es","Twitter for iPhone","no"
0,0,0,0,0,0,679,610,31307,10828,"es","Twitter for Android","no"
1,0,0,0,2,1,292,1220,12958,5480,"es","Twitter for Android","no"
3,0,1,1,0,0,4817387,3103,1192109,598,"es","TweetDeck","si"
3,0,1,1,0,0,4817387,3103,1192109,598,"es","TweetDeck","si"
3,0,1,1,0,0,4817387,3103,1192109,598,"es","TweetDeck","si"
0,0,1,1,0,0,4817387,3103,1192109,598,"es","TweetDeck","si"
0,0,1,1,0,0,4817387,3103,1192109,598,"es","TweetDeck","si"
0,0,1,1,0,0,4817387,3103,1192109,598,"es","TweetDeck","si"
2,0,1,1,0,0,4817387,3103,1192109,598,"es","TweetDeck","si"
2,0,1,1,0,0,4817387,3103,1192109,598,"es","TweetDeck","si"
2,0,1,1,0,0,4817387,3103,1192109,598,"es","TweetDeck","si"
0,0,0,1,0,0,365,99,10124,978,"es","Twitter for Android","no"
0,0,0,0,0,0,567,340,159095,14472,"en-gb","Twitter for Android","no"
0,0,0,0,0,0,725,260,26379,3789,"es","Twitter for Android","no"
0,0,0,0,3,1,116,1165,604,196,"es","Twitter Web Client","no"
0,0,0,0,0,0,2287,1091,82017,29821,"es","Twitter Lite","no"
0,0,0,0,0,0,337,228,61909,3392,"es","Twitter for Android","no"
0,0,0,0,0,0,1718,519,101574,4726,"es","TweetDeck","no"
0,0,0,0,0,0,456,380,12431,11042,"es","Twitter for Android","no"
0,0,0,0,0,0,822,365,31168,5108,"es","Twitter for Android","no"
0,0,0,1,0,0,281,261,9346,1408,"es","Twitter for Android","no"
1,0,0,0,0,0,1139,1094,5317,2305,"es","Twitter for Android","no"
0,0,0,0,0,0,1724,1693,12352,6270,"es","Twitter for Android","no"
2,6,2,1,0,0,174963,159,19618,1778,"es","Twitter for Android","no"
9,0,0,0,0,0,23463,1513,70807,44665,"es","Twitter for Android","no"
2,0,0,0,2,1,1734,414,15772,17054,"es","Twitter for iPhone","no"
0,0,0,0,0,0,2076,2791,8064,1117,"es","Twitter for Android","no"
0,0,0,0,1,0,2370,2628,27361,11728,"es","Twitter for Android","no"
5,3,0,0,0,0,4740,4407,94712,6569,"es","Twitter for Android","no"
2,0,0,0,0,0,7832,1671,133518,131701,"es","Twitter Web Client","no"
0,0,0,0,0,0,374,189,33130,521,"es","Twitter for iPhone","no"
0,0,0,0,0,0,1119,411,94107,11468,"es","Twitter for Android","no"
1,0,0,1,0,0,490,523,6177,3856,"es","Twitter Lite","no"
4,0,0,0,0,0,1529,312,118007,149228,"es","TweetDeck","no"
0,0,0,0,0,0,564,478,57361,1172,"es","Twitter for iPhone","no"
2,0,0,0,0,0,546,174,43170,1529,"es","Twitter for Android","no"
0,0,0,0,0,0,355,279,18645,10611,"es","Twitter for Android","no"
0,0,0,0,0,0,2051,1463,21362,3639,"es","Twitter Lite","no"
0,0,0,0,0,0,123,222,2346,762,"es","Twitter for iPhone","no"
0,0,1,0,0,0,82275,35012,961701,2330,"es","Twitter Web Client","no"
0,0,1,0,0,0,82275,35012,961701,2330,"es","Twitter Web Client","no"
0,0,1,0,0,0,82275,35012,961701,2330,"es","Twitter Web Client","no"
0,0,1,0,0,0,82275,35012,961701,2330,"es","Twitter Web Client","no"
0,0,0,0,0,0,235,305,1940,4532,"es","Twitter Lite","no"
1,0,0,0,0,0,1676,1505,59884,13382,"es","Twitter for iPhone","no"
0,1,0,0,0,0,1000,600,8117,8509,"es","Twitter for Android","no"
0,0,0,0,1,1,629,191,66003,13276,"en","Twitter for iPhone","no"
0,0,0,0,1,1,512,519,21976,3427,"es","Twitter for iPhone","no"
0,0,0,0,0,0,2794,2296,65487,30459,"es","Twitter for iPhone","no"
0,0,0,0,0,0,2494,2581,23996,8916,"es","Mobile Web (M2)","no"
0,0,0,0,0,0,18,268,107,89,"es","Twitter for Android","no"
1,0,0,0,0,0,801,350,16285,6539,"es","Twitter for iPhone","no"
0,1,0,0,0,0,749,547,28348,8673,"es","Twitter for Android","no"
0,0,0,0,1,1,3824,1766,26838,4452,"es","Twitter for Android","no"
0,0,0,0,0,0,430,396,18853,3080,"es","Twitter Lite","no"
0,0,0,0,0,0,1320,53,50019,188,"es","Instagram","no"
1,0,0,1,0,0,151,338,4313,1588,"es","Twitter for Android","no"
0,0,0,0,0,0,164,269,3737,442,"es","Twitter for Android","no"
0,0,0,0,0,0,492,235,21448,932,"es","Twitter for Android","no"
1,1,1,0,6,0,9590,1306,86315,57291,"es","Twitter for iPhone","no"
1,1,1,0,6,0,9590,1306,86315,57291,"es","Twitter for iPhone","no"
0,2,2,0,4,0,9590,1306,86315,57291,"es","Twitter for iPhone","no"
0,2,2,0,4,0,9590,1306,86315,57291,"es","Twitter for iPhone","no"
0,0,0,0,0,0,2113,548,19783,597,"es","Twitter for Android","no"
0,0,2,1,0,0,650,897,4439,1760,"es","Buffer","no"
1,0,0,0,0,0,622,406,15255,16280,"es","Twitter for iPhone","no"
0,0,0,0,0,0,356,573,11122,1881,"es","Twitter for iPhone","no"
2,0,0,1,0,0,684,589,30153,11368,"es","Twitter for Android","no"
0,0,0,0,0,0,1801,1791,27530,10095,"es","Twitter for Android","no"
0,0,0,0,0,0,241,206,9203,1689,"es","Twitter for Android","no"
2,0,0,0,0,0,411,249,3780,4295,"es","Twitter for iPhone","no"
2,0,0,0,0,0,1505,893,20705,36405,"en-gb","Twitter for Android","no"
0,0,0,0,0,0,1200,979,54995,4191,"es","Twitter for Android","no"
0,0,0,0,0,0,1059,784,14819,2168,"es","Twitter for Android","no"
0,0,0,0,0,0,469,356,26734,1554,"es","Twitter for Android","no"
0,0,0,0,0,0,125,130,4562,2026,"es","Twitter for Android","no"
0,0,0,0,0,0,1381,604,25477,1680,"es","Twitter for iPhone","no"
3,0,0,0,0,0,382,592,26513,8165,"es","Twitter for Android","no"
2,0,0,0,1,1,868,389,38704,69739,"es","Twitter for iPad","no"
2,0,0,0,0,0,586,493,1523,1018,"es","Twitter for Android","no"
0,0,0,0,0,0,1090,818,20301,17632,"es","Twitter for Android","no"
0,0,0,0,0,0,15,37,12452,6,"en","twittbot.net","no"
0,0,0,0,0,0,624,716,6128,3360,"es","Twitter for Android","no"
0,0,0,0,0,0,1044,568,35710,8677,"es","Twitter for Android","no"
0,0,0,0,0,0,1044,568,35710,8677,"es","Twitter for Android","no"
0,0,0,0,0,0,1044,568,35710,8677,"es","Twitter for Android","no"
0,0,0,0,0,0,1044,568,35710,8677,"es","Twitter for Android","no"
0,0,0,0,0,0,136369,39125,962997,3732,"es","Twitter Web Client","si"
0,0,0,0,0,0,98,166,537,1409,"es","Twitter for Android","no"
1,0,0,0,0,0,3657,1757,79881,181731,"es","TweetDeck","no"
0,0,0,0,0,0,1220,1127,36023,546,"es","Twitter for Android","no"
0,0,0,0,0,0,1219,699,37847,1162,"es","Twitter for Android","no"
0,0,0,0,0,0,705,1416,21620,4115,"es","Twitter for Android","no"
0,0,1,0,0,0,5576,4062,16691,96,"es","Twitter Web Client","no"
0,0,0,0,0,0,91046,47873,1212200,5475,"es","Twitter Web Client","no"
0,0,0,0,0,0,832,527,15697,4066,"es","Twitter Lite","no"
0,0,1,0,0,0,79137,0,1197489,4576,"es","Twitter Web Client","no"
0,0,0,0,0,0,788,842,25924,3001,"es","Twitter for Android","no"
1,0,3,0,0,0,721,416,741,167,"es","Twitter Web Client","no"
0,0,1,0,0,0,1475,1978,153004,11,"es","Hootsuite","no"
0,0,0,0,1,1,150,171,15767,11950,"es","Twitter for Android","no"
1,0,1,0,0,0,57553,0,1033812,4633,"es","Twitter Web Client","no"
0,0,1,0,0,0,88191,0,1110891,5592,"es","Twitter Web Client","no"
3,0,0,0,0,0,1238,551,18148,65045,"es","Twitter for Android","no"
0,0,0,0,0,0,81,60,2321,1894,"es","Twitter for Android","no"
0,0,0,0,0,0,147,111,8740,2900,"es","Twitter Lite","no"
0,0,0,0,0,0,786,428,9671,5067,"es","Twitter for Android","no"
0,0,0,0,0,0,708,873,12263,4692,"es","Twitter for Android","no"
0,0,0,0,0,0,163,116,5988,1244,"es","Twitter for Android","no"
0,0,0,0,0,0,101,73,10377,5226,"es","Twitter for Android","no"
1,0,0,0,0,0,2007,399,79418,1298,"ca","Buffer","no"
0,0,0,0,1,0,229,882,25726,2906,"es","Twitter for iPhone","no"
0,0,0,0,0,0,858,415,31324,4760,"es","Twitter for Android","no"
0,0,0,0,0,0,902,471,46049,6111,"es","Twitter Lite","no"
0,0,0,0,0,0,274,191,25363,5769,"es","Twitter Lite","no"
0,0,0,0,0,0,1035,2279,21861,1577,"es","Twitter for Android","no"
0,0,0,0,0,0,214,322,2616,10475,"es","Twitter for Android","no"
0,0,0,0,0,0,289,369,45025,10024,"es","Twitter Web Client","no"
0,0,0,0,0,0,251,181,6305,3191,"es","Twitter for iPhone","no"
4,0,0,0,0,0,1313,650,12375,12692,"es","Twitter Web Client","no"
0,0,0,0,0,0,346,322,26208,658,"en","Twitter for iPhone","no"
0,0,0,0,0,0,268,264,17301,5568,"es","Twitter for Android","no"
0,0,0,0,0,0,2202,338,13935,3049,"es","Twitter for iPhone","no"
0,0,0,0,1,1,2440,821,93477,28982,"es","Twitter for iPhone","no"
0,0,0,1,0,0,454,389,13617,1637,"es","Twitter for iPhone","no"
0,0,0,0,1,0,1916,999,110131,0,"es","Twitter for Android","no"
1,0,0,1,1,1,13,40,15,21,"es","Twitter for Android","no"
1,0,0,1,1,1,13,40,15,21,"es","Twitter for Android","no"
0,0,0,1,1,0,13,40,15,21,"es","Twitter for Android","no"
0,0,0,1,1,0,13,40,15,21,"es","Twitter for Android","no"
0,0,0,0,1,0,3070,2514,1869,387,"es","Twitter Web Client","no"
0,0,0,0,0,0,574,437,5035,3270,"es","Twitter for iPhone","no"
1,0,0,0,0,0,1193,1348,12811,71228,"es","Twitter for Android","no"
0,0,0,0,0,0,107,41,1127,171,"es","Twitter for Android","no"
0,0,0,0,0,0,402,975,4589,4627,"es","Twitter for Android","no"
0,0,2,0,0,0,51,216,155,61,"es","Twitter for Android","no"
0,0,0,0,0,0,191,117,3642,4689,"es","Twitter for Android","no"
0,0,0,0,0,0,725,658,12998,1303,"es","Twitter for Android","no"
0,0,0,0,0,0,558,196,542,75,"es","Twitter for Android","no"
0,0,0,0,0,0,768,558,11306,11637,"es","Twitter for Android","no"
1,0,0,0,1,1,410,538,26214,8708,"es","Twitter for iPhone","no"
1,0,0,0,1,1,410,538,26214,8708,"es","Twitter for iPhone","no"
0,0,0,0,1,1,410,538,26214,8708,"es","Twitter for iPhone","no"
0,0,0,0,1,1,410,538,26214,8708,"es","Twitter for iPhone","no"
0,0,0,0,0,0,1310,838,14668,3452,"es","Twitter for iPhone","no"
0,0,0,0,0,0,688,93,1186,164,"es","Twitter Web Client","no"
0,0,0,0,0,0,483,978,77560,17754,"es","Twitter for Android","no"
0,0,0,0,0,0,1174,894,24096,4055,"es","Twitter for iPhone","no"
0,0,1,0,0,0,61838,37047,893262,4839,"es","Twitter Web Client","no"
0,1,0,0,0,0,3396,413,48901,9480,"en","Twitter for iPhone","no"
0,0,0,0,0,0,569,1249,8118,6616,"es","Twitter for Android","no"
1,0,0,0,0,0,803,694,21813,4274,"es","Twitter for iPhone","no"
4,2,0,0,0,0,1595,743,10016,10010,"es","Twitter for Android","no"
0,0,0,0,1,1,1373,2699,23363,1936,"es","Twitter for Android","no"
1,0,0,0,1,1,164,173,13239,4161,"es","Twitter for Android","no"
0,0,0,0,0,0,400,223,8450,3145,"es","Twitter for Android","no"
1,0,0,0,0,0,1238,866,34085,22828,"ca","Twitter for iPhone","no"
0,0,0,0,0,0,907,309,54197,7904,"es","Twitter for Android","no"
0,0,0,0,0,0,850,1203,3535,1528,"es","Twitter for iPhone","no"
4,3,1,0,0,0,118,683,4348,5715,"es","Twitter for Android","no"
2,1,0,0,0,0,829,329,6541,5,"es","Facebook","no"
3,0,0,0,0,0,859,172,85958,132677,"es","Twitter for Android","no"
1,0,0,0,0,0,445,350,8630,986,"es","Twitter for Android","no"
0,0,0,0,0,0,1169,802,4970,543,"es","Twitter for iPhone","no"
0,0,0,1,0,0,225,256,61961,66,"es","WordPress.com","no"
0,0,0,0,0,0,330,602,1235,1538,"es","Twitter for Android","no"
2,0,0,0,0,0,749,924,18815,26366,"es","Twitter for Android","no"
2,0,0,0,0,0,749,924,18815,26366,"es","Twitter for Android","no"
1,0,0,0,0,0,749,924,18815,26366,"es","Twitter for Android","no"
1,0,0,0,0,0,749,924,18815,26366,"es","Twitter for Android","no"
0,0,0,0,1,1,175,185,6139,719,"es","Twitter for Android","no"
0,0,0,0,0,0,529,1067,6057,4122,"es","Twitter for Android","no"
0,0,1,0,0,0,63,201,1439,144,"es","Twitter for iPhone","no"
0,0,0,0,1,1,307,674,14087,7579,"es","Twitter for Android","no"
14,8,0,0,0,0,8369,1421,127894,10496,"es","Twitter for Android","no"
0,0,0,0,0,0,351,859,3617,3569,"es","Twitter for Android","no"
1,0,3,1,1,0,274,186,8517,1704,"es","Twitter Web Client","no"
1,0,3,1,1,0,274,186,8517,1704,"es","Twitter Web Client","no"
0,0,3,0,1,0,274,186,8517,1704,"es","Hootsuite Inc.","no"
0,0,3,0,1,0,274,186,8517,1704,"es","Hootsuite Inc.","no"
0,0,0,0,0,0,396,373,6232,839,"es","Twitter for Android","no"
0,1,0,0,0,0,378,292,4055,4660,"es","Twitter for Android","no"
0,0,0,0,1,1,739,664,20796,18709,"es","Twitter for Android","no"
0,0,0,0,1,1,418,505,1852,4441,"es","Twitter for Android","no"
0,0,0,0,0,0,832,562,32674,672,"es","Twitter for iPhone","no"
0,0,0,0,0,0,557,427,19477,60,"es","Twitter for Android","no"
1,0,0,0,0,0,2362,1934,19439,4484,"es","Twitter Lite","no"
0,0,0,0,0,0,123,245,5809,2409,"es","Twitter for Android","no"
0,0,0,0,0,0,129,259,868,359,"es","Twitter for Android","no"
0,0,0,0,0,0,1559,1095,23412,35150,"es","Twitter for Android","no"
0,0,0,0,0,0,1559,1095,23412,35150,"es","Twitter for Android","no"
0,0,0,0,1,1,1559,1095,23412,35150,"es","Twitter for Android","no"
0,0,0,0,1,1,1559,1095,23412,35150,"es","Twitter for Android","no"
0,0,0,0,0,0,571,657,7789,2642,"es","Twitter for Android","no"
0,0,0,0,0,0,413,411,61939,7373,"es","Twitter for Android","no"
0,0,0,0,0,0,260,392,7331,5434,"es","Twitter for Android","no"
0,0,0,0,0,0,508,171,11427,2524,"es","Twitter for Android","no"
0,0,0,0,0,0,82,69,2888,1346,"es","Twitter Lite","no"
1,0,0,0,0,0,313,782,3858,6297,"es","Twitter for Android","no"
0,0,0,0,0,0,246,183,5725,941,"es","Twitter for Android","no"
0,0,1,0,0,0,123740,48392,968241,4306,"es","Twitter Web Client","si"
0,0,0,0,0,0,141,204,5476,1590,"es","Twitter for Android","no"
0,0,1,1,0,0,20851,18225,1151437,0,"es","Tweet Old Post","no"
0,0,0,0,0,0,2039,1960,61129,60036,"es","Twitter for Android","no"
0,0,0,0,0,0,409,400,15680,540,"es","Twitter for iPhone","no"
0,0,0,0,0,0,315,276,12397,4413,"es","Twitter for Android","no"
1,0,0,0,0,0,177,196,1531,63,"es","Twitter for Android","no"
0,0,0,0,0,0,2442,1304,124997,23967,"es","Twitter for iPhone","no"
0,1,0,0,0,0,851,245,12926,20171,"es","Twitter Web Client","no"
0,0,0,0,1,1,17,145,167,1293,"es","Twitter for Android","no"
0,0,0,0,0,0,278,250,7402,6232,"es","Twitter for Android","no"
0,0,0,0,0,0,398,199,6965,3273,"es","Twitter for Android","no"
0,0,0,0,0,0,534,305,8850,2388,"es","Twitter for Android","no"
12,0,0,0,0,0,2838,4997,18043,33456,"es","Twitter for Android","no"
1,0,0,0,0,0,373,208,1127,1259,"es","Twitter for Android","no"
0,0,0,1,0,0,182,259,4735,2806,"es","Twitter for Android","no"
0,0,0,0,1,1,743,444,57069,13034,"es","Twitter for iPhone","no"
0,0,0,0,0,0,967,732,28796,10894,"es","Twitter for Android","no"
2,1,0,0,0,0,389,179,9217,3933,"es","Twitter for iPhone","no"
0,0,0,0,0,0,574,66,10366,1950,"es","Twitter for Android","no"
0,0,0,0,0,0,1211,416,37920,2465,"es","Twitter for iPhone","no"
1,0,0,0,0,0,1194,453,34298,28076,"pt","Twitter for Android","no"
0,0,0,0,0,0,1348,98,26543,2999,"es","Twitter for Android","no"
0,0,0,0,0,0,224,256,8234,2288,"es","Twitter for Android","no"
0,0,0,0,0,0,855,350,54748,9891,"es","Twitter Lite","no"
0,0,0,0,0,0,516,290,29051,6472,"es","Twitter for Android","no"
0,0,0,0,1,1,1179,650,28034,3748,"es","Twitter for Android","no"
0,0,0,0,0,0,147,129,17849,38,"es","Twitter Web Client","no"
0,0,0,0,0,0,63271,730,4297,27629,"es","Twitter for Android","no"
0,0,0,0,0,0,193,183,2083,110,"es","Twitter Lite","no"
0,0,0,0,0,0,1046,1110,11900,4419,"es","Twitter for Android","no"
0,0,0,0,0,0,991,713,61555,3624,"es","Twitter for Android","no"
0,0,0,0,0,0,591,303,20856,37596,"es","Twitter for Android","no"
0,0,0,0,0,0,133,199,8272,5228,"es","Twitter for Android","no"
0,0,0,0,0,0,163,331,269,4725,"es","Twitter for Android","no"
1,0,0,0,1,1,433,241,19458,68658,"es","Twitter for Android","no"
0,0,0,0,0,0,174,668,4405,312,"es","Twitter for Android","no"
0,2,0,0,1,0,15739,2998,358554,3322,"es","Gremlin Social","no"
0,0,0,0,0,0,370,142,22365,5263,"en","Twitter for Android","no"
0,0,3,0,1,1,710,833,19482,11020,"es","Twitter for Android","no"
1,0,0,0,3,1,53289,1201,27383,36039,"es","Twitter for Android","no"
0,0,0,0,0,0,828,233,3833,433,"es","Twitter for Android","no"
0,0,0,0,0,0,175,46,3352,6490,"es","Twitter for Android","no"
0,0,0,0,0,0,530,334,24429,1607,"es","Twitter Lite","no"
0,0,0,0,0,0,988,983,33474,12040,"es","Twitter for Android","no"
0,0,0,0,0,0,1118,1221,48681,16592,"es","Twitter for Android","no"
0,0,0,0,0,0,74,1151,3934,322,"es","Twitter Web Client","no"
0,0,0,0,0,0,56036,0,1016041,4594,"es","Twitter Web Client","no"
0,0,0,0,0,0,56036,0,1016041,4594,"es","Twitter Web Client","no"
0,0,1,0,0,0,56036,0,1016041,4594,"es","Twitter Web Client","no"
0,0,1,0,0,0,56036,0,1016041,4594,"es","Twitter Web Client","no"
0,0,1,0,0,0,82822,56095,1039824,4512,"es","Twitter Web Client","no"
0,0,0,0,0,0,66237,44818,1028623,4612,"es","Twitter Web Client","no"
1,0,0,0,0,0,16988,17290,51896,47850,"es","Twitter for Android","no"
0,0,0,0,0,0,47,225,3458,381,"es","Twitter for Android","no"
0,0,0,0,0,0,283,588,21552,1605,"es","Twitter for iPhone","no"
0,0,0,0,0,0,151,555,1697,438,"es","Twitter for Android","no"
0,0,0,0,0,0,355,224,7088,1580,"es","Twitter for Android","no"
0,0,0,0,0,0,62505,42771,1061131,4672,"es","Twitter Web Client","no"
2,0,2,1,0,0,6472,34,9584,147,"es","Twitter Web Client","no"
1,0,0,0,0,0,522,384,22873,8302,"es","Twitter for Android","no"
13,1,0,0,0,0,41954,936,16419,20338,"es","Twitter for Android","no"
0,0,1,0,0,0,49219,34938,972438,3620,"es","Twitter Web Client","no"
0,0,1,0,0,0,49219,34938,972438,3620,"es","Twitter Web Client","no"
0,0,0,0,0,0,49219,34938,972438,3620,"es","Twitter Web Client","no"
0,0,0,0,0,0,49219,34938,972438,3620,"es","Twitter Web Client","no"
1,0,0,0,0,0,1166,894,39646,12819,"es","Twitter for iPhone","no"
1,0,0,0,0,0,736,813,3870,2579,"es","Twitter for iPhone","no"
0,0,0,0,0,0,615,1217,13730,19803,"es","Twitter for iPhone","no"
1,0,1,0,0,0,28,69,87,2,"es","Twitter for iPhone","no"
7,5,0,1,1,0,157887,109,7315,1497,"es","TweetDeck","no"
1,1,1,0,0,0,14778,142,64725,375,"es","Twitter Web Client","no"
0,0,0,0,0,0,1540,1854,45076,6326,"es","Twitter for Android","no"
0,0,0,0,0,0,1540,1854,45076,6326,"es","Twitter for Android","no"
0,0,0,0,0,0,1540,1854,45076,6326,"es","Twitter for Android","no"
0,0,0,0,0,0,1540,1854,45076,6326,"es","Twitter for Android","no"
0,0,0,0,0,0,1540,1854,45076,6326,"es","Twitter for Android","no"
0,0,0,0,0,0,1540,1854,45076,6326,"es","Twitter for Android","no"
0,0,0,0,0,0,1540,1854,45076,6326,"es","Twitter for Android","no"
0,0,0,0,0,0,1540,1854,45076,6326,"es","Twitter for Android","no"
0,0,0,0,0,0,1540,1854,45076,6326,"es","Twitter for Android","no"
0,0,0,0,0,0,51802,37929,808893,30,"es","Twitter Web Client","no"
0,0,1,0,0,0,41045,0,815098,234,"es","Twitter Web Client","no"
0,0,0,0,0,0,50484,36697,818173,131,"es","Twitter Web Client","no"
0,0,0,0,0,0,318,266,3240,2150,"es","Twitter for Android","no"
0,0,1,0,0,0,52815,0,807412,40,"es","Twitter Web Client","no"
0,0,0,0,0,0,2215,1337,70462,25027,"es","Twitter for Android","no"
0,0,0,0,0,0,1468,873,61125,17477,"es","Twitter for Android","no"
0,0,0,0,0,0,48558,30749,791122,53,"es","Twitter Web Client","no"
0,0,0,0,0,0,119666,57480,1249418,2742,"es","Twitter Web Client","si"
1,0,0,0,0,0,466,88,3137,1196,"es","Twitter for Android","no"
0,0,0,0,0,0,78265,40324,820587,42,"es","Twitter Web Client","no"
4,2,0,0,1,1,368,147,42521,25743,"es","Twitter for Android","no"
0,0,0,0,0,0,410,326,6040,7606,"es","Twitter for iPhone","no"
0,0,0,0,1,1,763,633,72135,16928,"es","Twitter for Android","no"
0,0,0,0,0,0,65,180,2571,543,"en","Twitter for iPhone","no"
0,0,1,0,0,0,49099,36908,976332,3614,"es","Twitter Web Client","no"
0,0,1,0,0,0,49099,36908,976332,3614,"es","Twitter Web Client","no"
0,0,1,0,0,0,49099,36908,976332,3614,"es","Twitter Web Client","no"
0,0,1,0,0,0,49099,36908,976332,3614,"es","Twitter Web Client","no"
0,0,2,0,0,0,1384,592,4734,697,"es","TweetDeck","no"
0,0,2,0,0,0,1384,592,4734,697,"es","TweetDeck","no"
0,0,2,0,0,0,1384,592,4734,697,"es","TweetDeck","no"
0,0,0,1,0,0,1384,592,4734,697,"es","TweetDeck","no"
0,0,0,1,0,0,1384,592,4734,697,"es","TweetDeck","no"
0,0,0,1,0,0,1384,592,4734,697,"es","TweetDeck","no"
1,1,2,0,0,0,1384,592,4734,697,"es","TweetDeck","no"
1,1,2,0,0,0,1384,592,4734,697,"es","TweetDeck","no"
1,1,2,0,0,0,1384,592,4734,697,"es","TweetDeck","no"
11,6,2,0,0,0,18942,75,5207,7662,"es","Twitter Web Client","no"
0,0,0,0,0,0,96,570,20086,1946,"es","Facebook","no"
1,0,2,1,0,0,171,331,3492,615,"es","Twitter for iPhone","no"
0,0,0,0,0,0,220,167,6771,10915,"es","Twitter for Android","no"
0,0,0,1,0,0,305,409,1047,134,"es","Twitter for Android","no"
0,0,0,0,0,0,40,0,17585,17,"en","Twitter Web Client","no"
0,0,0,0,1,1,431,1435,5252,1101,"es","Twitter for iPhone","no"
0,0,0,0,0,0,1480,645,125927,6830,"es","Twitter for Android","no"
0,1,1,0,0,0,169971,69839,1276656,8345,"es","Twitter Web Client","si"
0,1,1,0,0,0,169971,69839,1276656,8345,"es","Twitter Web Client","si"
0,0,0,0,0,0,169971,69839,1276656,8345,"es","Twitter Web Client","si"
0,0,0,0,0,0,169971,69839,1276656,8345,"es","Twitter Web Client","si"
6,2,0,0,1,0,10685,1127,30976,42993,"es","Twitter Web Client","no"
1,0,1,0,0,0,91663,44822,954051,3542,"es","Twitter Web Client","no"
0,0,0,0,0,0,305,365,48730,274,"es","Twitter for Android","no"
0,0,0,0,0,0,3665,1446,124742,27047,"es","Twitter for iPhone","no"
0,0,0,0,0,0,324,385,4209,11645,"es","Twitter for Android","no"
0,0,0,0,0,0,1103,911,65154,10173,"es","Twitter for Android","no"
0,1,0,0,0,0,1365,559,40556,20892,"es","Twitter for Android","no"
0,0,0,0,0,0,289,440,2860,526,"es","Twitter for Android","no"
0,0,0,0,0,0,362,453,4730,1817,"es","Twitter for Android","no"
1,1,0,0,0,0,1389,884,107724,23725,"es","Twitter for Android","no"
0,0,0,0,0,0,2126,710,94069,15561,"es","Twitter for iPhone","no"
0,0,0,0,0,0,304,179,18368,851,"es","Twitter for Android","no"
1,0,0,0,0,0,1031,62,12235,34508,"es","Twitter for iPhone","no"
0,0,0,0,1,1,176,234,2008,1145,"es","Twitter for Android","no"
0,0,0,0,0,0,721,488,14775,7901,"es","Twitter for Android","no"
0,0,0,0,0,0,450,223,18288,3297,"es","Twitter for iPhone","no"
0,0,0,0,0,0,260,373,8481,2456,"es","Twitter for Android","no"
0,0,0,0,1,0,13408,10574,11195,968,"es","Twitter Web Client","no"
0,0,0,0,0,0,31,385,32780,26448,"es","Twitter for Android","no"
0,0,0,0,0,0,428,333,10115,827,"es","Twitter for iPhone","no"
0,0,0,0,0,0,21330,80,21077,495,"es","Facebook","no"
0,0,0,0,0,0,595,224,1814,1488,"es","Twitter Lite","no"
0,0,0,0,0,0,160,230,2631,126,"es","Twitter for iPhone","no"
0,0,0,0,0,0,855,537,101838,9903,"es","Twitter for iPhone","no"
0,0,0,0,0,1,175,141,2655,734,"es","Twitter for Android","no"
0,0,0,0,0,0,1487,856,68424,30238,"es","Twitter for Android","no"
0,0,0,0,1,1,170,160,6178,4280,"es","Twitter for Android","no"
0,0,0,0,0,0,52,38,5840,0,"es","Facebook","no"
1,0,0,0,1,0,1563,660,44431,6521,"es","Twitter for Android","no"
1,1,0,0,0,0,42652,27327,46101,681,"es","proZesa nextscripts","no"
1,0,0,0,0,0,789,282,19011,44256,"es","Twitter for Android","no"
0,0,0,0,0,0,394,936,7130,10828,"it","Twitter for Android","no"
0,0,0,0,0,0,560,147,4204,184,"es","Twitter for Android","no"
1,0,0,0,0,0,1090,831,86357,16238,"es","Twitter for Android","no"
1,0,0,0,1,1,1535,1426,39922,9072,"es","Twitter for Android","no"
0,0,0,0,0,0,69,88,291,1661,"es","Twitter for Android","no"
0,0,0,0,0,0,1862,975,20223,4567,"es","Twitter for iPhone","no"
0,0,0,0,0,0,491,535,32986,10059,"es","Twitter for Android","no"
0,0,0,0,0,0,46,50,157,282,"es","Twitter for iPhone","no"
0,0,1,1,0,0,111881,104402,2071272,0,"es","Tweet Old Post","si"
0,0,0,0,0,0,1895,1770,32263,4121,"es","Twitter for Android","no"
0,0,0,1,0,0,291,690,1191,2048,"es","Twitter for Android","no"
0,0,1,0,0,0,192,528,4590,1267,"en","Twitter for iPhone","no"
0,1,0,0,0,0,487,382,37201,34918,"es","Twitter for Android","no"
0,0,0,0,0,0,57,185,290,32,"es","Twitter for Android","no"
0,0,0,0,0,0,282,317,4656,2784,"es","Twitter Lite","no"
0,0,0,0,0,0,173,421,18211,26367,"es","Twitter for Android","no"
0,0,1,0,0,0,38590,32221,810795,33,"es","Twitter Web Client","no"
0,0,1,0,0,0,38590,32221,810795,33,"es","Twitter Web Client","no"
0,0,0,0,0,0,38590,32221,810795,33,"es","Twitter Web Client","no"
0,0,0,0,0,0,38590,32221,810795,33,"es","Twitter Web Client","no"
0,0,1,0,0,0,41943,29613,817954,45,"es","Twitter Web Client","no"
0,0,1,0,0,0,41943,29613,817954,45,"es","Twitter Web Client","no"
0,1,1,0,0,0,41943,29613,817954,45,"es","Twitter Web Client","no"
0,1,1,0,0,0,41943,29613,817954,45,"es","Twitter Web Client","no"
0,0,1,0,0,0,56745,37927,819757,43,"es","Twitter Web Client","no"
0,0,1,0,0,0,56745,37927,819757,43,"es","Twitter Web Client","no"
0,0,1,0,0,0,56745,37927,819757,43,"es","Twitter Web Client","no"
0,0,0,0,0,0,56745,37927,819757,43,"es","Twitter Web Client","no"
0,0,0,0,0,0,56745,37927,819757,43,"es","Twitter Web Client","no"
0,0,0,0,0,0,56745,37927,819757,43,"es","Twitter Web Client","no"
0,0,1,0,0,0,56745,37927,819757,43,"es","Twitter Web Client","no"
0,0,1,0,0,0,56745,37927,819757,43,"es","Twitter Web Client","no"
0,0,1,0,0,0,56745,37927,819757,43,"es","Twitter Web Client","no"
0,0,0,0,0,0,48851,35482,824425,24,"es","Twitter Web Client","no"
0,0,0,0,0,0,48851,35482,824425,24,"es","Twitter Web Client","no"
0,0,1,0,0,0,48851,35482,824425,24,"es","Twitter Web Client","no"
0,0,1,0,0,0,48851,35482,824425,24,"es","Twitter Web Client","no"
0,0,0,0,0,0,340,661,6331,7332,"pt","Twitter for Android","no"
0,0,1,0,0,0,54159,41642,823374,1864,"es","Twitter Web Client","no"
0,0,1,0,0,0,54159,41642,823374,1864,"es","Twitter Web Client","no"
0,0,0,0,0,0,54159,41642,823374,1864,"es","Twitter Web Client","no"
0,0,0,0,0,0,54159,41642,823374,1864,"es","Twitter Web Client","no"
1,1,3,1,0,0,1890,371,4447,1159,"es","Twitter Web Client","no"
0,0,0,0,0,0,203,396,70451,0,"en","Hootsuite","no"
0,0,0,0,0,0,244,295,80063,0,"en","Hootsuite","no"
7,0,0,0,0,0,29,96,113,102,"en","Twitter for iPhone","no"
0,0,0,0,0,0,43652,37240,838349,2776,"es","Twitter Web Client","no"
0,0,0,0,0,0,43652,37240,838349,2776,"es","Twitter Web Client","no"
0,0,1,0,0,0,43652,37240,838349,2776,"es","Twitter Web Client","no"
0,0,1,0,0,0,43652,37240,838349,2776,"es","Twitter Web Client","no"
1,0,0,0,0,0,600,452,3671,6139,"es","Twitter for iPhone","no"
0,0,0,0,0,0,862,178,13991,6004,"en","Foursquare","no"
0,0,0,0,0,0,80,116,2200,1168,"es","Twitter for Android","no"
1,3,2,0,0,0,6013,497,12066,20741,"es","Twitter Web Client","no"
0,0,0,0,0,0,160,138,7148,1091,"es","Twitter for iPhone","no"
0,0,0,0,0,0,334,496,2744,920,"es","Twitter for Android","no"
0,0,0,0,0,0,369,263,17291,9045,"es","Twitter for Android","no"
0,0,0,0,0,0,63,228,558,71,"es","Twitter for Android","no"
0,0,0,0,0,0,136,113,1437,923,"en","Twitter for iPhone","no"
5,0,0,0,0,0,8314,2603,102917,206023,"es","TweetDeck","no"
1,0,0,0,0,0,228,261,3701,2039,"es","Twitter Lite","no"
4,2,0,1,1,0,250,117,871,288,"es","Hootsuite Inc.","no"
2,0,0,0,0,0,1418,538,32963,11686,"es","Twitter for Android","no"
0,0,0,0,0,0,122,168,6024,2467,"es","Twitter for Android","no"
0,0,0,0,0,0,1003,1606,12956,1061,"es","Mobile Web (M2)","no"
1,0,0,0,0,0,152,93,1502,1616,"en","Twitter for Android","no"
0,0,0,0,0,0,144,105,7354,1438,"es","Twitter for Android","no"
1,0,0,0,2,1,94,318,2841,2569,"es","Twitter for Android","no"
3,0,0,0,0,1,358,293,12546,4200,"es","TweetDeck","no"
3,0,0,0,0,1,358,293,12546,4200,"es","TweetDeck","no"
11,5,0,0,0,0,358,293,12546,4200,"es","TweetDeck","no"
11,5,0,0,0,0,358,293,12546,4200,"es","TweetDeck","no"
0,0,0,0,0,0,1001,533,94332,8,"es","ecotwitear","no"
0,0,0,0,0,0,444,214,235536,626,"es","IFTTT","no"
0,0,0,0,0,0,151,94,892,720,"es","Twitter Lite","no"
0,1,0,0,0,0,94,143,1047,534,"es","Twitter for Android","no"
0,0,0,0,0,0,154,435,104504,4,"es","Tweet Old Post","no"
0,0,0,0,0,0,2055,1091,12834,3582,"es","Twitter Web Client","no"
0,0,0,0,0,0,136,119,1344,475,"es","Twitter for Android","no"
3,0,0,0,2,1,23,83,11,23,"es","Twitter for Android","no"
0,0,0,0,0,0,1410,556,78508,2395,"es","Twitter for Android","no"
2,0,0,0,1,0,479,649,5995,3460,"es","Twitter for Android","no"
0,0,0,0,0,0,11,69,2201,73,"es","Twitter for Android","no"
0,0,0,0,0,0,633,541,2343,3237,"es","Twitter for Android","no"
0,0,0,0,0,0,784,210,11839,609,"es","Twitter Lite","no"
0,0,2,1,0,0,88,735,4089,190,"es","Twitter Web Client","no"
0,0,0,1,0,0,456,25,151,0,"en","dlvr.it","no"
1,0,0,0,0,0,1458,1179,12470,8166,"es","Twitter for Android","no"
0,0,1,0,0,0,131773,63330,1283861,3634,"es","Twitter Web Client","si"
3,1,0,0,0,0,1949,351,9689,13068,"es","Twitter for Android","no"
0,0,0,0,0,0,125,297,752,2199,"es","Twitter for iPhone","no"
0,0,0,0,0,0,1077,228,15950,12340,"es","Twitter for Android","no"
0,0,0,0,1,1,2834,180,20444,34209,"es","Twitter for Android","no"
1,0,0,0,1,1,57,158,6569,753,"es","Twitter Web Client","no"
0,0,0,0,0,0,148,216,1800,1139,"es","Twitter for Android","no"
0,0,0,0,0,0,1093,327,37150,2822,"es","Twitter for iPhone","no"
0,0,0,0,0,0,1093,327,37150,2822,"es","Twitter for iPhone","no"
0,0,0,0,0,0,1093,327,37150,2822,"es","Twitter for iPhone","no"
0,0,0,0,0,0,1093,327,37150,2822,"es","Twitter for iPhone","no"
0,0,0,0,0,0,225,158,3160,1999,"es","Twitter for Android","no"
0,0,0,0,0,0,225,158,3160,1999,"es","Twitter for Android","no"
0,0,0,0,0,0,225,158,3160,1999,"es","Twitter for Android","no"
0,0,0,0,0,0,225,158,3160,1999,"es","Twitter for Android","no"
0,0,0,0,0,0,235,245,5782,2933,"es","Twitter Web Client","no"
3,2,2,1,1,0,5309,1645,15328,4374,"es","Hootsuite Inc.","no"
1,0,0,0,0,0,3389,3313,4630,2737,"es","Twitter for Android","no"
0,0,0,0,0,0,123,89,651,3276,"es","Twitter for Android","no"
0,0,0,0,0,0,661,599,3660,1981,"es","Twitter for iPhone","no"
0,0,0,0,0,0,165,539,3599,2668,"es","Twitter for iPhone","no"
0,0,0,0,0,0,129,159,601,4171,"es","Twitter for Android","no"
0,1,0,0,0,0,370,312,2339,782,"es","Twitter for Android","no"
0,0,0,0,0,0,283,212,1794,1075,"en","Twitter for iPhone","no"
0,0,0,0,0,0,787,667,7294,3839,"es","Twitter for Android","no"
0,0,0,0,0,0,1506,1677,86511,20081,"es","Twitter for Android","no"
0,0,0,0,0,0,86,197,843,1495,"es","Twitter for Android","no"
0,0,0,0,0,0,438,162,12987,5051,"es","Twitter for Android","no"
0,0,0,0,0,0,438,162,12987,5051,"es","Twitter for Android","no"
0,0,0,0,0,0,438,162,12987,5051,"es","Twitter for Android","no"
0,0,0,0,0,0,438,162,12987,5051,"es","Twitter for Android","no"
0,0,0,0,0,0,80,120,268,136,"es","Twitter for Android","no"
1,0,0,0,0,0,192,305,5206,2514,"es","Twitter for Android","no"
1,0,0,0,0,0,192,305,5206,2514,"es","Twitter for Android","no"
0,0,0,0,0,0,192,305,5206,2514,"es","Twitter for Android","no"
0,0,0,0,0,0,192,305,5206,2514,"es","Twitter for Android","no"
1,1,0,0,0,0,0,0,23,1,"es","Twitter for Android","no"
0,0,0,0,0,0,154,348,12389,2662,"es","Twitter for Android","no"
1,0,0,0,0,0,433,345,29823,5135,"es","Twitter for Android","no"
0,0,0,0,0,0,231,654,15626,8360,"es","Twitter for Android","no"
0,0,0,0,0,0,251,272,3216,2178,"es","Twitter for Android","no"
0,0,0,0,0,0,849,1140,7140,58092,"es","Twitter for Android","no"
2,0,0,0,0,0,535,485,38449,15964,"es","Twitter for iPhone","no"
0,0,0,0,0,0,90,163,536,469,"es","Twitter Web Client","no"
0,0,0,0,0,0,640,518,29856,4946,"es","Twitter Web Client","no"
0,0,0,0,0,0,2764,2270,52519,20597,"es","Twitter for iPhone","no"
0,0,0,0,0,0,565,144,38625,20756,"es","Twitter for Android","no"
0,0,0,0,0,0,773,239,21141,4562,"es","Twitter for Android","no"
0,0,0,0,0,0,113,108,24003,489,"es","Twitter for Android","no"
0,0,0,0,0,0,31,182,821,1820,"es","Twitter for iPhone","no"
1,0,5,0,12,0,95,334,2959,3089,"es","Twitter Web Client","no"
0,0,2,1,0,0,4445,109,22148,258,"es","dlvr.it","no"
0,0,0,0,1,1,381,459,1798,1376,"es","Twitter for Android","no"
0,0,0,0,0,0,746,749,25001,4528,"es","Twitter for Android","no"
0,0,0,0,0,0,25,54,4722,262,"es","Twitter Lite","no"
1,0,0,0,0,0,139,90,4548,2493,"es","Twitter for Android","no"
0,0,0,0,0,0,102,143,1033,586,"es","Twitter for Android","no"
0,0,0,0,0,0,256,257,125,94,"es","Twitter for Android","no"
2,0,0,0,0,0,11,137,18,48,"es","Twitter for Android","no"
0,0,0,0,0,0,156,84,3490,443,"es","Twitter for Android","no"
0,0,0,0,0,0,2527,1620,19193,8461,"es","Twitter for iPhone","no"
1,0,0,0,0,0,77,78,497,2097,"es","Twitter for Android","no"
0,0,0,0,0,0,1442,799,64937,49295,"es","Curious Cat","no"
0,0,0,0,0,0,888,2023,13757,1063,"es","Twitter for Android","no"
0,0,0,0,0,0,221,492,9263,283,"es","Twitter for iPhone","no"
0,0,0,0,0,0,928,1031,20313,4155,"es","Twitter for Android","no"
1,0,0,0,0,0,209,203,3841,2578,"es","Twitter for Android","no"
2,0,0,0,0,0,176,98,4560,10624,"es","Twitter for Android","no"
0,0,0,0,0,0,47,122,112,296,"pt","Twitter for Android","no"
0,0,0,0,0,0,116,353,4828,7663,"es","Twitter for Android","no"
4,1,0,0,18,1,2847,4055,7366,136540,"es","Twitter for Android","no"
4,1,0,0,18,1,2847,4055,7366,136540,"es","Twitter for Android","no"
4,1,0,0,18,1,2847,4055,7366,136540,"es","Twitter for Android","no"
2,1,0,0,20,1,2847,4055,7366,136540,"es","Twitter for Android","no"
2,1,0,0,20,1,2847,4055,7366,136540,"es","Twitter for Android","no"
2,1,0,0,20,1,2847,4055,7366,136540,"es","Twitter for Android","no"
2,0,0,0,2,1,2847,4055,7366,136540,"es","Twitter for Android","no"
2,0,0,0,2,1,2847,4055,7366,136540,"es","Twitter for Android","no"
2,0,0,0,2,1,2847,4055,7366,136540,"es","Twitter for Android","no"
1,1,0,1,0,0,106,439,3461,2977,"es","Twitter for Android","no"
1,1,0,1,0,0,106,439,3461,2977,"es","Twitter for Android","no"
0,0,0,0,0,1,106,439,3461,2977,"es","Twitter for Android","no"
0,0,0,0,0,1,106,439,3461,2977,"es","Twitter for Android","no"
0,0,0,0,0,0,42,109,678,153,"es","Twitter for Android","no"
0,0,0,0,0,0,267,443,2880,4648,"es","Twitter for Android","no"
1,0,0,0,1,1,55,250,1369,4975,"es","Twitter Lite","no"
1,0,0,0,1,1,221,257,2705,867,"es","Twitter for Android","no"
3,0,0,0,0,0,2699,3533,6561,6728,"es","Twitter for Android","no"
0,0,0,0,0,0,385,286,3365,4749,"en","Twitter for iPhone","no"
1,0,0,0,0,0,252,495,1430,897,"es","Twitter for Android","no"
0,0,0,0,0,0,566,149,6663,4084,"es","Twitter for Android","no"
2,0,0,0,1,1,36,79,2921,4224,"es","Twitter Lite","no"
0,0,0,0,0,0,160,155,3686,4047,"es","Twitter for Android","no"
1,0,0,0,1,1,43,301,621,2637,"es","Twitter for Android","no"
0,0,0,0,0,0,20,23,244,76,"es","Twitter Web Client","no"
0,0,0,0,0,0,146,220,1318,1726,"es","Twitter for Android","no"
0,0,0,0,1,1,135,477,171,159,"es","Twitter Lite","no"
0,0,0,0,0,0,163,170,2558,353,"es","Twitter Web Client","no"
0,0,0,0,0,0,9,203,145,42,"es","Twitter Lite","no"
0,0,0,0,0,0,55,349,231,525,"es","Twitter for iPhone","no"
1,0,0,0,0,0,142,461,261,219,"es","Twitter for Android","no"
0,0,0,0,0,0,13,37,109,5,"es","Twitter Web Client","no"
1,0,0,0,1,1,178,235,776,354,"es","Twitter for Android","no"
1,0,0,0,0,0,242,229,68,236,"es","Twitter for iPhone","no"
0,0,1,0,0,0,65,184,28,2,"en","Twitter for Android","no"
0,0,0,0,0,0,606,609,12960,2095,"es","Twitter for Android","no"
0,0,0,0,0,0,232,248,482,2304,"en","Twitter Lite","no"
0,0,2,0,0,0,3180,2533,110500,5,"en","BeoneMag","no"
0,0,0,0,0,0,26,146,92,6,"es","Twitter for Android","no"
0,0,0,1,2,0,10,34,9,2,"en","Twitter Web Client","no"
0,0,0,0,1,1,2,114,14,14,"es","Twitter for Android","no"
0,0,0,0,0,0,52,553,1106,67,"es","Twitter for Android","no"
0,0,0,0,0,0,65,319,202,153,"es","Twitter for Android","no"
0,0,0,0,0,0,65,319,202,153,"es","Twitter for Android","no"
0,0,0,0,0,0,65,319,202,153,"es","Twitter for Android","no"
0,0,0,0,0,0,65,319,202,153,"es","Twitter for Android","no"
0,0,0,0,0,0,6,77,328,75,"en","Twitter for iPad","no"
0,0,0,0,0,0,14,85,16,26,"es","Twitter for Android","no"
